{
    "componentType": "boxCollider",
    "isTrigger": false,
    "size_x": 0.20000000298023224,
    "size_y": 0.20000000298023224,
    "size_z": 0.20000000298023224
}