{
    "componentType": "transform",
    "localPosition": {
        "x": 0.0,
        "y": 0.0,
        "z": 0.0
    },
    "localRotation": {
        "w": 1.0,
        "x": 0.0,
        "y": 0.0,
        "z": 0.0
    },
    "localScale": {
        "x": 0.20000000298023224,
        "y": 0.20000000298023224,
        "z": 0.20000000298023224
    }
}